{"cameraMode":{"drawMode":0,"name":"Shaded","section":"Shading Mode"},"sceneLighting":true,"audioPlay":false,"sceneViewState":{"m_AlwaysRefresh":false,"showFog":true,"showSkybox":true,"showFlares":true,"showImageEffects":true,"showParticleSystems":true,"showVisualEffectGraphs":true,"m_FxEnabled":true},"in2DMode":false,"pivot":{"x":-11.235291481018067,"y":-11.643781661987305,"z":-7.959892272949219},"rotation":{"x":0.017324890941381456,"y":-0.942006528377533,"z":0.3315301537513733,"w":0.049215685576200488},"size":17.436893463134767,"orthographic":false}